"sharabesh-jayaraman-fyle-in_report"
"id","user-email","date","vendor-name","category","amount"
"txeiMZn2fxAB","gokul.kathiresan@fyle.in","2018-05-03T08:01:33.700Z","","INR","73372.23"
"txaYp9EvDu8I","siva@fyle.in","2018-04-12T05:22:52.518Z","","INR","111"
"txj0gKrS78wl","sranga@fyle.in","2018-03-28T22:07:52.516Z","","INR","10880"
"txzrDJzP7qK4","rohan.sethi@fyle.in","2018-03-13T10:26:07.469Z","","INR","3121"
"txxu6FJSdB5g","nithin.vempati@fyle.in","2018-03-12T06:18:29.272Z","","INR","576"
